Rank,Provider,Plan,Type,Monthly Price (USD),Yearly Price (USD),Yearly Savings,Storage,Bandwidth,Accounts,Free Domain,Free SSL,Uptime,Support,Value Score,Badges,Notes,Last Updated
55,Hostinger,Single,Shared,1.99,23.88,0,50 GB SSD,100 GB,1,Yes,Yes,99.9%,24/7 Chat,55,price-drop,"Entry-level plan for a single website.",2026-03-28
49,Hostinger,Premium,Shared,2.99,35.88,0,100 GB SSD,Unlimited,100,Yes,Yes,99.9%,24/7 Chat,60,price-drop; recommended,"Best budget option with solid performance.",2026-03-28
48,Hostinger,Business,Shared,3.99,47.88,0,200 GB NVMe,Unlimited,100,Yes,Yes,99.9%,24/7 Priority Chat,62,price-drop,"NVMe storage with daily backups and staging.",2026-03-28
42,Hostinger,Cloud Startup,Cloud,7.99,95.88,0,200 GB NVMe,Unlimited,300,Yes,Yes,99.99%,24/7 Priority Chat,70,price-drop,"Cloud hosting with dedicated resources.",2026-03-28
68,Hostinger,KVM 1,VPS,5.99,71.88,0,50 GB NVMe,1 TB,1,No,No,99.9%,24/7 Chat,54,,"Budget KVM VPS with AI-powered management tools.",2026-03-28
69,Hostinger,KVM 2,VPS,9.99,119.88,0,100 GB NVMe,2 TB,1,No,No,99.9%,24/7 Chat,54,,"Mid-tier VPS with 2 vCPU and 8GB RAM.",2026-03-28
56,Bluehost,Basic,Shared,2.95,35.4,0,50 GB SSD,Unlimited,1,Yes,Yes,99.9%,24/7 Phone & Chat,55,price-drop,"Official WordPress.org recommended host.",2026-03-28
4,Bluehost,Plus,Shared,5.45,65.4,0,Unlimited SSD,Unlimited,Unlimited,Yes,Yes,99.9%,24/7 Phone & Chat,98,most-accounts; price-drop,"Unlimited websites and storage.",2026-03-28
5,Bluehost,Choice Plus,Shared,5.45,65.4,0,Unlimited SSD,Unlimited,Unlimited,Yes,Yes,99.9%,24/7 Phone & Chat,98,price-drop; recommended,"Best value Bluehost plan with backups and privacy.",2026-03-28
30,Bluehost,Pro,Shared,13.95,167.4,0,100 GB SSD,Unlimited,Unlimited,Yes,Yes,99.9%,24/7 Phone & Chat,73,,"High performance shared with dedicated IP.",2026-03-28
91,Bluehost,Standard VPS,VPS,29.99,359.88,0,30 GB SSD,1 TB,1,Yes,Yes,99.9%,24/7 Phone & Chat,48,,"Managed VPS with cPanel included.",2026-03-28
57,SiteGround,StartUp,Shared,2.99,35.88,0,10 GB SSD,Unlimited,1,No,Yes,99.99%,24/7 Priority,55,price-drop,"Premium support and speed at entry level.",2026-03-28
18,SiteGround,GrowBig,Shared,4.99,59.88,0,20 GB SSD,Unlimited,Unlimited,No,Yes,99.99%,24/7 Priority,75,price-drop; recommended,"Best value SiteGround plan with staging and unlimited sites.",2026-03-28
23,SiteGround,GoGeek,Shared,7.99,95.88,0,40 GB SSD,Unlimited,Unlimited,No,Yes,99.99%,24/7 Ultra-Fast Priority,74,price-drop,"Top-tier shared with Git, white-label, and priority resources.",2026-03-28
83,SiteGround,Jump Start,Managed Cloud,100,1200,0,40 GB SSD,5 TB,Unlimited,No,Yes,99.99%,24/7 Ultra-Fast Priority,52,,"Managed cloud with auto-scaling and dedicated resources.",2026-03-28
53,A2 Hosting,StartUp,Shared,2.99,35.88,0,100 GB SSD,Unlimited,1,No,Yes,99.9%,24/7 Guru Crew,56,,"Reliable entry-level shared hosting.",2026-03-28
6,A2 Hosting,Drive,Shared,5.99,71.88,0,Unlimited NVMe,Unlimited,Unlimited,No,Yes,99.9%,24/7 Guru Crew,98,,"Unlimited sites on NVMe with A2 Optimizer.",2026-03-28
11,A2 Hosting,Turbo Boost,Shared,6.99,83.88,0,Unlimited NVMe,Unlimited,Unlimited,No,Yes,99.9%,24/7 Guru Crew,97,recommended,"Fastest shared hosting with Turbo servers.",2026-03-28
14,A2 Hosting,Turbo Max,Shared,12.99,155.88,0,Unlimited NVMe,Unlimited,Unlimited,No,Yes,99.9%,24/7 Guru Crew,96,,"Maximum shared resources with 5x allocation.",2026-03-28
17,A2 Hosting,Runway 1,VPS,7.99,95.88,0,150 GB NVMe,2 TB,Unlimited,No,Yes,99.9%,24/7 Guru Crew,76,,"Managed VPS with Turbo performance option.",2026-03-28
16,A2 Hosting,Runway 2,VPS,12.99,155.88,0,250 GB NVMe,3 TB,Unlimited,No,Yes,99.9%,24/7 Guru Crew,77,,"Mid-range VPS with NVMe and cPanel.",2026-03-28
70,Namecheap,Stellar,Shared,1.98,23.76,0,20 GB SSD,Unlimited,3,Yes,Yes,99.9%,24/7 Chat,54,cheapest; price-drop,"Affordable shared hosting from a top domain registrar.",2026-03-28
7,Namecheap,Stellar Plus,Shared,2.98,35.76,0,Unlimited SSD,Unlimited,Unlimited,Yes,Yes,99.9%,24/7 Chat,98,price-drop,"Unlimited sites and storage at a low price.",2026-03-28
24,Namecheap,Stellar Business,Shared,4.98,59.76,0,50 GB SSD,Unlimited,Unlimited,Yes,Yes,99.9%,24/7 Chat,74,price-drop,"Cloud-accelerated shared with extra resources.",2026-03-28
54,DreamHost,Shared Starter,Shared,2.95,35.4,0,50 GB SSD,Unlimited,1,Yes,Yes,100%,24/7 Chat & Ticket,56,best-uptime; price-drop,"100% uptime guarantee with 97-day money-back.",2026-03-28
1,DreamHost,Shared Unlimited,Shared,3.95,47.4,0,Unlimited SSD,Unlimited,Unlimited,Yes,Yes,100%,24/7 Chat & Ticket,100,best-value; price-drop,"Unlimited everything with 100% uptime SLA.",2026-03-28
25,DreamHost,VPS Basic,VPS,10,120,0,30 GB SSD,Unlimited,Unlimited,No,Yes,100%,24/7 Chat & Ticket,74,,"Managed VPS with DreamHost's 100% uptime guarantee.",2026-03-28
15,HostGator,Hatchling,Shared,3.75,45,0,Unlimited SSD,Unlimited,1,Yes,Yes,99.9%,24/7 Phone & Chat,78,,"Single site shared hosting with unlimited storage.",2026-03-28
8,HostGator,Baby,Shared,4.5,54,0,Unlimited SSD,Unlimited,Unlimited,Yes,Yes,99.9%,24/7 Phone & Chat,98,,"Unlimited sites on shared hosting.",2026-03-28
12,HostGator,Business,Shared,6.25,75,0,Unlimited SSD,Unlimited,Unlimited,Yes,Yes,99.9%,24/7 Phone & Chat,97,,"Shared hosting with dedicated IP and SEO tools.",2026-03-28
37,HostGator,Snappy 2GB,VPS,23.95,287.4,0,120 GB SSD,1.5 TB,Unlimited,No,Yes,99.9%,24/7 Phone & Chat,71,price-drop,"Managed VPS with cPanel and WHM.",2026-03-28
43,HostGator,Snappy 4GB,VPS,34.95,419.4,0,165 GB SSD,2 TB,Unlimited,No,Yes,99.9%,24/7 Phone & Chat,70,price-drop,"Mid-tier VPS with more resources.",2026-03-28
58,GreenGeeks,Lite,Shared,2.95,35.4,0,50 GB SSD,Unlimited,1,Yes,Yes,99.9%,24/7 Chat & Phone,55,,"Eco-friendly hosting matching 3x energy with renewables.",2026-03-28
9,GreenGeeks,Pro,Shared,4.95,59.4,0,Unlimited SSD,Unlimited,Unlimited,Yes,Yes,99.9%,24/7 Chat & Phone,98,,"Unlimited sites with 2x performance.",2026-03-28
13,GreenGeeks,Premium,Shared,8.95,107.4,0,Unlimited SSD,Unlimited,Unlimited,Yes,Yes,99.9%,24/7 Chat & Phone,97,,"Premium shared with dedicated IP and 4x resources.",2026-03-28
52,InMotion Hosting,Core,Shared,2.99,35.88,0,100 GB SSD,Unlimited,2,Yes,Yes,99.99%,24/7 Phone & Chat,57,,"US-based host with 90-day money-back guarantee.",2026-03-28
2,InMotion Hosting,Launch,Shared,5.99,71.88,0,Unlimited SSD,Unlimited,Unlimited,Yes,Yes,99.99%,24/7 Phone & Chat,99,price-drop,"Unlimited sites with free migration.",2026-03-28
3,InMotion Hosting,Power,Shared,5.99,71.88,0,Unlimited SSD,Unlimited,Unlimited,Yes,Yes,99.99%,24/7 Phone & Chat,99,price-drop,"Shared hosting with staging and extra resources.",2026-03-28
59,ScalaHosting,Mini,Shared,2.95,35.4,0,50 GB SSD,Unlimited,1,Yes,Yes,99.9%,24/7 Chat & Ticket,55,,"SPanel-powered shared hosting.",2026-03-28
10,ScalaHosting,Start,Shared,5.95,71.4,0,Unlimited SSD,Unlimited,Unlimited,Yes,Yes,99.9%,24/7 Chat & Ticket,98,,"Unlimited shared hosting with SPanel.",2026-03-28
46,ScalaHosting,Start VPS,VPS,29.95,359.4,0,50 GB NVMe,Unlimited,Unlimited,Yes,Yes,99.9%,24/7 Chat & Ticket,68,,"Managed VPS with SPanel—no cPanel license fees.",2026-03-28
71,FastComet,FastCloud,Shared,2.95,35.4,0,15 GB SSD,Unlimited,1,Yes,Yes,99.9%,24/7 Chat & Phone,54,,"Same renewal price guarantee with 11 data centers.",2026-03-28
26,FastComet,FastCloud Plus,Shared,4.45,53.4,0,25 GB SSD,Unlimited,Unlimited,Yes,Yes,99.9%,24/7 Chat & Phone,74,,"Unlimited sites with same renewal pricing.",2026-03-28
31,FastComet,FastCloud Extra,Shared,5.95,71.4,0,35 GB SSD,Unlimited,Unlimited,Yes,Yes,99.9%,24/7 Chat & Phone,73,,"3x resources with no price hike on renewal.",2026-03-28
60,ChemiCloud,Starter,Shared,2.95,35.4,0,20 GB NVMe,Unlimited,1,Yes,Yes,99.99%,24/7 Chat & Ticket,55,,"LiteSpeed-powered with excellent uptime track record.",2026-03-28
19,ChemiCloud,Pro,Shared,4.95,59.4,0,40 GB NVMe,Unlimited,Unlimited,Yes,Yes,99.99%,24/7 Chat & Ticket,75,,"Unlimited NVMe shared hosting with LiteSpeed.",2026-03-28
20,ChemiCloud,Turbo,Shared,6.95,83.4,0,60 GB NVMe,Unlimited,Unlimited,Yes,Yes,99.99%,24/7 Chat & Ticket,75,,"Turbo-charged NVMe with 3x resource allocation.",2026-03-28
61,DigitalOcean,Basic Droplet 1GB,Cloud,6,72,0,25 GB SSD,1 TB,1,No,No,99.99%,Ticket,55,price-increase,"Developer-friendly cloud with predictable pricing.",2026-03-28
72,DigitalOcean,Basic Droplet 2GB,Cloud,12,144,0,50 GB SSD,2 TB,1,No,No,99.99%,Ticket,54,,"Mid-tier cloud droplet for growing apps.",2026-03-28
62,Vultr,Cloud Compute 1GB,Cloud,5,60,0,25 GB SSD,1 TB,1,No,No,99.99%,Ticket & Chat,55,,"Affordable cloud with 32 global data centers.",2026-03-28
73,Vultr,Cloud Compute 2GB,Cloud,10,120,0,50 GB SSD,2 TB,1,No,No,99.99%,Ticket & Chat,54,,"Mid-tier Vultr cloud with 2 vCPU.",2026-03-28
74,Hetzner,CX22,Cloud,4.35,52.2,0,40 GB SSD,20 TB,1,No,No,99.9%,Ticket,54,recommended,"European cloud with unbeatable price/performance.",2026-03-28
75,Hetzner,CX32,Cloud,7.45,89.4,0,80 GB SSD,20 TB,1,No,No,99.9%,Ticket,54,,"Mid-tier cloud with 4 vCPU and 8GB RAM.",2026-03-28
63,Linode (Akamai),Nanode 1GB,Cloud,5,60,0,25 GB SSD,1 TB,1,No,No,99.99%,Ticket & Phone,55,,"Now backed by Akamai's global infrastructure.",2026-03-28
76,Linode (Akamai),Linode 2GB,Cloud,10,120,0,50 GB SSD,2 TB,1,No,No,99.99%,Ticket & Phone,54,,"Mid-tier Linode with 2GB RAM.",2026-03-28
64,AWS Lightsail,1 GB Instance,Cloud,5,60,0,40 GB SSD,2 TB,1,No,No,99.99%,Docs & Forums,55,,"Simple cloud from AWS with predictable pricing.",2026-03-28
65,UpCloud,Developer 1GB,Cloud,5.5,66,0,25 GB SSD,1 TB,1,No,No,100%,24/7 Chat & Ticket,55,,"100% uptime SLA with MaxIOPS storage technology.",2026-03-28
32,Cloudways,DO Premium 1GB,Managed Cloud,14,168,0,25 GB SSD,1 TB,Unlimited,No,Yes,99.99%,24/7 Priority,73,,"Managed cloud hosting made simple.",2026-03-28
44,Cloudways,DO Premium 2GB,Managed Cloud,28,336,0,50 GB SSD,2 TB,Unlimited,No,Yes,99.99%,24/7 Priority,70,,"Mid-tier managed DO with more resources.",2026-03-28
93,Kinsta,Single 35k,Managed Cloud,35,350,70,10 GB SSD,Unlimited,1,No,Yes,99.9%,24/7 Expert Chat,46,,"Premium managed WordPress on Google Cloud C2.",2026-03-28
94,Kinsta,WP 2,Managed Cloud,70,700,140,20 GB SSD,Unlimited,2,No,Yes,99.9%,24/7 Expert Chat,38,,"Multi-site Kinsta plan for 2 WordPress installs.",2026-03-28
77,Kamatera,Cloud VPS 1GB,VPS,4,48,0,20 GB SSD,1 TB,1,No,No,99.95%,24/7,54,,"Highly customizable cloud VPS.",2026-03-28
21,Hetzner,AX42,Dedicated,51,612,0,2x 512 GB NVMe,Unlimited,Unlimited,No,No,99.9%,Ticket,75,,"Best value European dedicated servers.",2026-03-28
34,OVHcloud,Rise-1,Dedicated,59.99,719.88,0,2x 500 GB SSD,Unlimited,Unlimited,No,No,99.9%,Ticket & Phone,72,,"European leader in dedicated servers.",2026-03-28
92,Liquid Web,Intel Xeon E-2236,Dedicated,169,2028,0,480 GB SSD,5 TB,Unlimited,No,Yes,100%,Heroic Support 24/7,47,price-drop,"Enterprise-grade dedicated with 100% uptime SLA.",2026-03-28
50,Hostinger,Reseller Starter,Reseller,3.99,47.88,0,100 GB SSD,Unlimited,100,Yes,Yes,99.9%,24/7 Chat,60,price-drop; recommended,"Most affordable reseller with white-label branding.",2026-03-28
47,Hostinger,Reseller Premium,Reseller,7.99,95.88,0,200 GB SSD,Unlimited,200,Yes,Yes,99.9%,24/7 Chat,65,price-drop,"Mid-tier reseller with daily backups.",2026-03-28
38,Hostinger,Reseller Business,Reseller,11.99,143.88,0,300 GB SSD,Unlimited,300,Yes,Yes,99.9%,24/7 Priority Chat,71,price-drop,"Full-featured reseller for agencies.",2026-03-28
84,A2 Hosting,Kickstart Reseller,Reseller,19.99,239.88,0,60 GB NVMe,600 GB,30,No,Yes,99.9%,24/7 Guru Crew,52,price-drop,"Entry reseller with WHMCS included.",2026-03-28
66,A2 Hosting,Grow Reseller,Reseller,24.99,299.88,0,150 GB NVMe,2 TB,75,No,Yes,99.9%,24/7 Guru Crew,55,,"Mid-tier reseller with Turbo option.",2026-03-28
51,A2 Hosting,Turbo Kickstart Reseller,Reseller,29.99,359.88,0,200 GB NVMe,4 TB,150,No,Yes,99.9%,24/7 Guru Crew,58,,"Turbo-powered reseller with NVMe.",2026-03-28
22,SiteGround,GrowBig Reseller,Reseller,4.99,59.88,0,20 GB SSD,Unlimited,Unlimited,No,Yes,99.99%,24/7 Priority,75,price-drop,"Premium reseller with staging and priority support.",2026-03-28
27,SiteGround,GoGeek Reseller,Reseller,7.99,95.88,0,40 GB SSD,Unlimited,Unlimited,No,Yes,99.99%,24/7 Ultra-Fast Priority,74,price-drop,"Top-tier reseller with Git and extra resources.",2026-03-28
39,HostGator,Aluminum,Reseller,19.95,239.4,0,60 GB SSD,Unlimited,Unlimited,No,Yes,99.9%,24/7 Phone & Chat,71,,"Entry reseller with free WHMCS.",2026-03-28
45,HostGator,Copper,Reseller,24.95,299.4,0,90 GB SSD,Unlimited,Unlimited,No,Yes,99.9%,24/7 Phone & Chat,70,,"Mid-tier reseller with more storage.",2026-03-28
40,HostGator,Silver,Reseller,24.95,299.4,0,140 GB SSD,Unlimited,Unlimited,No,Yes,99.9%,24/7 Phone & Chat,71,price-drop,"High-storage reseller with unlimited accounts.",2026-03-28
85,GreenGeeks,RH-25,Reseller,19.95,239.4,0,60 GB SSD,Unlimited,25,Yes,Yes,99.9%,24/7 Chat & Ticket,52,,"Eco-friendly reseller matching 3x renewables.",2026-03-28
86,GreenGeeks,RH-50,Reseller,24.95,299.4,0,80 GB SSD,Unlimited,50,Yes,Yes,99.9%,24/7 Chat & Ticket,52,,"Mid-tier green reseller with 50 accounts.",2026-03-28
78,InMotion Hosting,R-1000S Reseller,Reseller,15.99,191.88,0,80 GB SSD,1 TB,25,No,Yes,99.99%,24/7 Phone & Chat,54,price-drop,"US-based reseller with free WHMCS and 90-day money-back.",2026-03-28
67,InMotion Hosting,R-2000S Reseller,Reseller,23.49,281.88,0,120 GB SSD,2 TB,50,No,Yes,99.99%,24/7 Phone & Chat,55,price-drop,"Mid-tier InMotion reseller with more storage and accounts.",2026-03-28
87,Namecheap,Nebula Reseller,Reseller,18.88,226.56,0,50 GB SSD,Unlimited,25,No,Yes,99.9%,24/7 Chat,52,,"Great combo with Namecheap domain registration.",2026-03-28
88,Namecheap,Galaxy Expert Reseller,Reseller,28.88,346.56,0,100 GB SSD,Unlimited,50,No,Yes,99.9%,24/7 Chat,52,,"Mid-tier reseller with 100GB and 50 accounts.",2026-03-28
35,ScalaHosting,Start Reseller,Reseller,12.95,155.4,0,50 GB SSD,Unlimited,Unlimited,Yes,Yes,99.9%,24/7 Chat & Ticket,72,price-drop; recommended,"SPanel alternative to cPanel with no license fees.",2026-03-28
36,ScalaHosting,Advanced Reseller,Reseller,19.95,239.4,0,100 GB SSD,Unlimited,Unlimited,Yes,Yes,99.9%,24/7 Chat & Ticket,72,price-drop,"Advanced reseller with 100GB and no cPanel fees.",2026-03-28
28,Hostwinds,Basic Reseller,Reseller,8.99,107.88,0,30 GB SSD,Unlimited,Unlimited,No,Yes,99.999%,24/7 Phone, Chat & Ticket,74,,"99.999% uptime SLA—one of the highest in the industry.",2026-03-28
29,Hostwinds,Advanced Reseller,Reseller,12.99,155.88,0,60 GB SSD,Unlimited,Unlimited,No,Yes,99.999%,24/7 Phone, Chat & Ticket,74,,"Mid-tier Hostwinds reseller with 60GB storage.",2026-03-28
79,ChemiCloud,Starter Reseller,Reseller,14.95,179.4,0,30 GB SSD,Unlimited,20,Yes,Yes,99.99%,24/7 Chat & Ticket,53,,"LiteSpeed-powered reseller with excellent uptime.",2026-03-28
80,ChemiCloud,Grow Reseller,Reseller,21.95,263.4,0,50 GB SSD,Unlimited,50,Yes,Yes,99.99%,24/7 Chat & Ticket,53,,"Mid-tier ChemiCloud reseller with 50 cPanel accounts.",2026-03-28
89,FastComet,Cloud Reseller 1,Reseller,17.09,205.08,0,50 GB SSD,Unlimited,25,Yes,Yes,99.9%,24/7 Chat & Phone,52,,"11 data centers with same renewal price guarantee.",2026-03-28
81,FastComet,Cloud Reseller 2,Reseller,22.09,265.08,0,80 GB SSD,Unlimited,50,Yes,Yes,99.9%,24/7 Chat & Phone,53,,"Mid-tier FastComet reseller with 50 accounts.",2026-03-28
41,InterServer,RS Linux Reseller,Reseller,19.99,239.88,0,80 GB SSD,Unlimited,Unlimited,No,Yes,99.9%,24/7 Phone & Chat,71,,"Price lock guarantee—renewal price stays the same.",2026-03-28
33,Cloudways,Agency Reseller,Reseller,14,168,0,25 GB SSD,1 TB,Unlimited,No,Yes,99.99%,24/7 Priority,73,,"Cloud-based reseller with managed DO/AWS/GCP.",2026-03-28
95,Liquid Web,Starter Reseller,Reseller,99,1188,0,100 GB SSD,5 TB,10,No,Yes,100%,Heroic Support 24/7,35,,"Enterprise-grade reseller with 100% uptime.",2026-03-28
82,Bluehost,Starter Reseller,Reseller,19.99,239.88,0,60 GB SSD,Unlimited,50,Yes,Yes,99.9%,24/7 Phone & Chat,53,price-drop,"Backed by Newfold Digital with strong brand recognition.",2026-03-28
90,DreamHost,DreamPress Reseller,Reseller,24.95,299.4,0,30 GB SSD,Unlimited,5,Yes,Yes,100%,24/7 Chat & Ticket,50,,"WordPress-focused reseller with 100% uptime.",2026-03-28